{"fold_1_rmse":0.0724844958507025,"fold_0_rmse":0.08627389815412573,"_step":4,"_runtime":0,"fold_2_rmse":0.013228583759731509,"fold_3_rmse":0.0008964139788733478,"rmse":0.04322084793585827,"_wandb":{"runtime":0},"_timestamp":1.764968552176278e+09}