{"_wandb":{"runtime":1},"rmse":0.04335848358119022,"_runtime":1,"_timestamp":1.764968369258589e+09,"_step":4,"fold_0_rmse":0.08627389815412573,"fold_1_rmse":0.07273219664289345,"fold_2_rmse":0.013466827309084583,"fold_3_rmse":0.0009610122186571382}