{"_timestamp":1.764968522682826e+09,"rmse":0.0432253982166199,"_runtime":1,"_step":4,"fold_0_rmse":0.08627389815412573,"fold_1_rmse":0.07248837180780596,"fold_2_rmse":0.01322365277378809,"fold_3_rmse":0.0009156701307598138,"_wandb":{"runtime":1}}