{"fold_2_rmse":0.0019274974884487218,"fold_0_rmse":0.004619950736424214,"fold_3_rmse":0.002265384821020681,"_timestamp":1.764968043108479e+09,"_wandb":{"runtime":0},"_runtime":0,"fold_1_rmse":0.001320685071163733,"rmse":0.0025333795292643378,"_step":4}