{"_timestamp":1.7649683332483132e+09,"fold_2_rmse":0.013228640016923119,"rmse":0.0432211430629223,"fold_3_rmse":0.0008975382299378678,"_wandb":{"runtime":0},"_step":4,"fold_0_rmse":0.08627389815412573,"fold_1_rmse":0.0724844958507025,"_runtime":0}