{"_timestamp":1.7649685922118132e+09,"_runtime":0,"fold_0_rmse":0.08627389815412573,"_step":4,"rmse":0.04322064229557128,"fold_3_rmse":0.0008955351605337895,"fold_1_rmse":0.0724844958507025,"fold_2_rmse":0.013228640016923119,"_wandb":{"runtime":0}}