{"_step":4,"rmse":0.04322118928562596,"_runtime":0,"fold_1_rmse":0.0724844958507025,"fold_3_rmse":0.0008964015929605804,"fold_0_rmse":0.08627389815412573,"_timestamp":1.76496848217324e+09,"fold_2_rmse":0.013229961544715032,"_wandb":{"runtime":0}}