{"_step":4,"fold_0_rmse":0.08627389815412573,"fold_1_rmse":0.07249470192393118,"fold_2_rmse":0.013223115835848728,"rmse":0.04323132948646179,"fold_3_rmse":0.0009336020319415284,"_timestamp":1.764968455377281e+09,"_wandb":{"runtime":1},"_runtime":1}