{"fold_0_rmse":0.004619950736424214,"fold_3_rmse":0.002265384821020681,"_runtime":1,"_wandb":{"runtime":1},"_step":4,"fold_1_rmse":0.001320685071163733,"fold_2_rmse":0.0019274974884487218,"rmse":0.0025333795292643378,"_timestamp":1.7649680487750452e+09}