{"fold_0_rmse":0.08627389815412573,"fold_3_rmse":0.000896980677625845,"rmse":0.043220737131073654,"_wandb":{"runtime":0},"_runtime":0,"_step":4,"_timestamp":1.764968546027158e+09,"fold_1_rmse":0.0724844958507025,"fold_2_rmse":0.013227573841840552}