{"_step":4,"fold_2_rmse":0.013228640016923119,"rmse":0.04322089279059168,"fold_3_rmse":0.000896537140615394,"_timestamp":1.7649684290939279e+09,"_runtime":0,"fold_1_rmse":0.0724844958507025,"_wandb":{"runtime":0},"fold_0_rmse":0.08627389815412573}