{"_runtime":1,"_step":4,"_wandb":{"runtime":1},"fold_0_rmse":0.08630502520236638,"_timestamp":1.764968303991223e+09,"fold_2_rmse":0.013201957169442037,"fold_1_rmse":0.07246123052905891,"fold_3_rmse":0.0009969718943227724,"rmse":0.04324129619879752}