{"fold_2_rmse":0.013182396176121264,"rmse":0.043319645587615516,"_wandb":{"runtime":1},"_timestamp":1.764968504494578e+09,"_runtime":1,"fold_1_rmse":0.07249470886615346,"fold_3_rmse":0.001327579154061616,"_step":4,"fold_0_rmse":0.08627389815412573}