{"_runtime":1,"fold_1_rmse":0.001320685071163733,"fold_2_rmse":0.0019274974884487218,"fold_3_rmse":0.002265384821020681,"rmse":0.0025333795292643378,"fold_0_rmse":0.004619950736424214,"_timestamp":1.764968008494302e+09,"_step":4,"_wandb":{"runtime":1}}