{"_runtime":1,"fold_2_rmse":0.013232693370133896,"rmse":0.043285420630622,"_timestamp":1.764968321250701e+09,"fold_1_rmse":0.07258498370413924,"_step":4,"fold_3_rmse":0.0010501072940891395,"_wandb":{"runtime":1},"fold_0_rmse":0.08627389815412573}