{"fold_3_rmse":0.007020813761243183,"fold_2_rmse":0.014852863468033497,"_runtime":5,"_step":4,"fold_0_rmse":0.08847582365345928,"rmse":0.04570587872399836,"fold_1_rmse":0.07247401401325747,"_timestamp":1.764968293074888e+09,"_wandb":{"runtime":5}}