{"fold_0_rmse":0.08627389815412573,"fold_1_rmse":0.0724844958507025,"fold_3_rmse":0.0008945696672183561,"_wandb":{"runtime":0},"_runtime":0,"_step":4,"_timestamp":1.764968608803827e+09,"fold_2_rmse":0.013228044905700379,"rmse":0.043220252144436734}