{"fold_3_rmse":0.0029515711722602847,"_wandb":{"runtime":1},"fold_0_rmse":0.004619950736424214,"rmse":0.00282003805072859,"_timestamp":1.7649680180786529e+09,"fold_1_rmse":0.001320685071163733,"_runtime":1,"_step":4,"fold_2_rmse":0.002387945223066129}