{"_wandb":{"runtime":1},"fold_1_rmse":0.07248253289584414,"_step":4,"fold_2_rmse":0.013211104657344841,"fold_0_rmse":0.08626192608350164,"_timestamp":1.7649685370903602e+09,"rmse":0.04324143421390005,"_runtime":1,"fold_3_rmse":0.0010101732189095763}