{"_wandb":{"runtime":0},"_runtime":0,"fold_3_rmse":0.0008966939251346221,"_step":4,"fold_0_rmse":0.08627389815412573,"fold_1_rmse":0.0724844958507025,"fold_2_rmse":0.01323061270093208,"_timestamp":1.764968510321076e+09,"rmse":0.04322142515772373}