{"fold_2_rmse":0.01328105778857372,"rmse":0.04326712311961404,"_wandb":{"runtime":0},"fold_1_rmse":0.07257391676600179,"fold_0_rmse":0.08627389815412573,"_step":4,"_timestamp":1.764968395097364e+09,"_runtime":0,"fold_3_rmse":0.0009396197697549355}