{"fold_0_rmse":0.08627389815412573,"fold_3_rmse":0.0008975382299378678,"_step":4,"_runtime":0,"_timestamp":1.7649683660601852e+09,"rmse":0.0432211430629223,"fold_1_rmse":0.0724844958507025,"_wandb":{"runtime":0},"fold_2_rmse":0.013228640016923119}