{"_step":4,"rmse":0.04322023442240447,"fold_1_rmse":0.0724844958507025,"fold_3_rmse":0.0008958520860907976,"fold_0_rmse":0.08627389815412573,"fold_2_rmse":0.013226691598698844,"_runtime":0,"_wandb":{"runtime":0},"_timestamp":1.764968594863429e+09}