{"fold_0_rmse":0.08627389815412573,"fold_3_rmse":0.0008960747353730973,"_step":4,"_wandb":{"runtime":1},"_timestamp":1.764968519437858e+09,"fold_2_rmse":0.013228640016923119,"fold_1_rmse":0.0724844958507025,"rmse":0.04322077718928111,"_runtime":1}