{"_step":4,"_runtime":0,"fold_2_rmse":0.013227513918545816,"fold_0_rmse":0.08627389815412573,"rmse":0.0432206195570535,"_timestamp":1.764968435093737e+09,"fold_1_rmse":0.0724844958507025,"fold_3_rmse":0.000896570304839962,"_wandb":{"runtime":0}}