{"_runtime":3,"_step":4,"fold_0_rmse":0.08628408220344737,"_timestamp":1.764968460602366e+09,"_wandb":{"runtime":3},"rmse":0.04325746806700433,"fold_3_rmse":0.0011129899299863444,"fold_1_rmse":0.07245081280380204,"fold_2_rmse":0.013181987330781585}