{"fold_0_rmse":0.08627389815412573,"fold_3_rmse":0.0009010427950111968,"_runtime":0,"fold_2_rmse":0.013233562203888743,"_wandb":{"runtime":0},"_timestamp":1.7649686031308732e+09,"rmse":0.04322324975093204,"_step":4,"fold_1_rmse":0.0724844958507025}