{"rmse":0.043220301821876486,"fold_1_rmse":0.0724844958507025,"_runtime":1,"_step":4,"fold_3_rmse":0.0008953757050723717,"_wandb":{"runtime":1},"_timestamp":1.764968479115415e+09,"fold_2_rmse":0.013227437577605349,"fold_0_rmse":0.08627389815412573}