{"fold_3_rmse":0.0009011646400901551,"_step":4,"fold_0_rmse":0.08627389815412573,"_timestamp":1.764968586411793e+09,"_runtime":1,"rmse":0.04322204966546037,"fold_2_rmse":0.013228640016923119,"fold_1_rmse":0.0724844958507025,"_wandb":{"runtime":1}}