{"fold_1_rmse":0.0724844958507025,"rmse":0.04322108911717817,"_wandb":{"runtime":1},"_timestamp":1.76496848893841e+09,"fold_0_rmse":0.08627389815412573,"_runtime":1,"fold_2_rmse":0.013228640016923119,"_step":4,"fold_3_rmse":0.0008973224469613454}