{"_wandb":{"runtime":0},"_step":4,"fold_3_rmse":0.0008955588913131099,"fold_2_rmse":0.013227676650851686,"_runtime":0,"_timestamp":1.764968438171621e+09,"rmse":0.043219847236015796,"fold_1_rmse":0.07248225524777266,"fold_0_rmse":0.08627389815412573}