{"fold_3_rmse":0.0009029991289301538,"_step":4,"fold_1_rmse":0.07248993378495207,"_wandb":{"runtime":1},"fold_0_rmse":0.08627389815412573,"_runtime":1,"_timestamp":1.7649683389155278e+09,"rmse":0.04322563150848098,"fold_2_rmse":0.013235694965915992}