{"_step":4,"fold_2_rmse":0.013208465958258036,"_runtime":0,"_wandb":{"runtime":0},"rmse":0.04321888468765079,"fold_1_rmse":0.072482714825964,"fold_3_rmse":0.0009104598122554166,"fold_0_rmse":0.08627389815412573,"_timestamp":1.764968615482767e+09}