{"fold_2_rmse":0.004723640466112266,"_timestamp":1.764967999436181e+09,"fold_1_rmse":0.004479126136292997,"fold_3_rmse":0.003591808845113913,"_runtime":0,"fold_0_rmse":0.009996807779044785,"_step":4,"rmse":0.00569784580664099,"_wandb":{"runtime":0}}