{"rmse":0.04324747895945658,"_wandb":{"runtime":0},"fold_2_rmse":0.013167563663561387,"fold_1_rmse":0.07240559007911866,"_step":4,"fold_3_rmse":0.0011908781460718905,"_runtime":0,"fold_0_rmse":0.0862258839490744,"_timestamp":1.764968386713331e+09}