{"_runtime":14,"_wandb":{"runtime":14},"fold_2_rmse":0.013660376485697037,"_timestamp":1.764968575030339e+09,"fold_1_rmse":0.07237066237644016,"fold_3_rmse":0.0033421030636838485,"rmse":0.04416332677575235,"_step":4,"fold_0_rmse":0.08728016517718834}