{"_step":4,"fold_1_rmse":0.001320685071163733,"_wandb":{"runtime":0},"fold_2_rmse":0.0019274974884487218,"fold_0_rmse":0.004619950736424214,"_timestamp":1.7649680111393569e+09,"rmse":0.0025646604090530187,"fold_3_rmse":0.0023905083401754043,"_runtime":0}