{"_step":4,"_runtime":0,"_timestamp":1.764968470020513e+09,"fold_1_rmse":0.0724844958507025,"fold_0_rmse":0.08627389815412573,"fold_2_rmse":0.013228640016923119,"rmse":0.0432211063620846,"_wandb":{"runtime":0},"fold_3_rmse":0.0008973914265870621}