{"fold_0_rmse":0.08627389815412573,"fold_3_rmse":0.0009137308180841514,"_wandb":{"runtime":1},"_timestamp":1.764968485680254e+09,"_runtime":1,"fold_1_rmse":0.07248596995568327,"_step":4,"fold_2_rmse":0.013230039282740887,"rmse":0.04322590955265851}