{"_timestamp":1.76496828510225e+09,"rmse":0.04534149451840459,"_runtime":5,"fold_0_rmse":0.08825966903177368,"fold_2_rmse":0.014447659733076695,"fold_3_rmse":0.006247643340780444,"fold_1_rmse":0.07241100596798757,"_wandb":{"runtime":5},"_step":4}