{"fold_2_rmse":0.013224357233134428,"fold_3_rmse":0.0008941954021052499,"_wandb":{"runtime":1},"rmse":0.04321923666001697,"_runtime":1,"fold_0_rmse":0.08627389815412573,"fold_1_rmse":0.0724844958507025,"_timestamp":1.764968606220331e+09,"_step":4}