{"fold_2_rmse":0.013228640016923119,"_runtime":1,"_timestamp":1.7649685010782201e+09,"fold_0_rmse":0.08627389815412573,"_wandb":{"runtime":1},"fold_3_rmse":0.0008963037555240836,"rmse":0.04322083444431885,"fold_1_rmse":0.0724844958507025,"_step":4}