{"fold_0_rmse":0.08627389815412573,"fold_1_rmse":0.0724844958507025,"_wandb":{"runtime":0},"fold_2_rmse":0.013228640016923119,"_runtime":0,"_timestamp":1.764968360625847e+09,"rmse":0.0432211430629223,"_step":4,"fold_3_rmse":0.0008975382299378678}