{"_wandb":{"runtime":0},"_runtime":0,"fold_2_rmse":0.013198107218213103,"_step":4,"_timestamp":1.764968558209289e+09,"fold_1_rmse":0.0724476899116409,"fold_3_rmse":0.0012604372445733907,"fold_0_rmse":0.08627389815412573,"rmse":0.04329503313213828}