{"fold_2_rmse":0.013228640016923119,"fold_3_rmse":0.0009054249209948636,"_step":4,"fold_1_rmse":0.0724844958507025,"fold_0_rmse":0.08627389815412573,"_timestamp":1.764968539819288e+09,"_wandb":{"runtime":0},"_runtime":0,"rmse":0.043223114735686546}