{"_runtime":1,"fold_3_rmse":0.000901576825204765,"rmse":0.04321983111769787,"fold_1_rmse":0.07247650504609247,"fold_0_rmse":0.08627389815412573,"_wandb":{"runtime":1},"_step":4,"_timestamp":1.764968516362329e+09,"fold_2_rmse":0.013227344445368534}