{"rmse":0.04322261974265402,"_timestamp":1.764968441405941e+09,"_wandb":{"runtime":1},"_runtime":1,"fold_0_rmse":0.08627389815412573,"fold_3_rmse":0.0008973775000590615,"_step":4,"fold_1_rmse":0.07248422748968414,"fold_2_rmse":0.013234975826747163}