{"_timestamp":1.764968444326723e+09,"fold_2_rmse":0.013228640016923119,"_runtime":0,"_step":4,"fold_1_rmse":0.0724844958507025,"fold_0_rmse":0.08627389815412573,"fold_3_rmse":0.0008963212438654061,"rmse":0.043220838816404185,"_wandb":{"runtime":0}}