{"fold_2_rmse":0.013228640016923119,"_runtime":1,"_timestamp":1.764968549137931e+09,"fold_1_rmse":0.0724844958507025,"rmse":0.04322088337057223,"fold_0_rmse":0.08627389815412573,"fold_3_rmse":0.0008964994605375866,"_wandb":{"runtime":1},"_step":4}