{"_step":4,"fold_2_rmse":0.01321035201046051,"_timestamp":1.7649684487951932e+09,"rmse":0.04323986095304648,"fold_3_rmse":0.000990038935214441,"_runtime":2,"fold_0_rmse":0.08627289818526208,"fold_1_rmse":0.07248615468124892,"_wandb":{"runtime":2}}