{"_step":4,"rmse":0.043357139070324,"_runtime":5,"fold_0_rmse":0.08631018111839246,"_timestamp":1.764968530008211e+09,"fold_1_rmse":0.07235033630436828,"fold_3_rmse":0.0016364216388606047,"_wandb":{"runtime":5},"fold_2_rmse":0.013131617219674664}