{"fold_3_rmse":0.0008957080216450035,"_step":4,"fold_1_rmse":0.0724844958507025,"fold_2_rmse":0.01322400288197096,"fold_0_rmse":0.08627389815412573,"_runtime":0,"_timestamp":1.764968597647188e+09,"rmse":0.043219526227111046,"_wandb":{"runtime":0}}