{"rmse":0.04321898463688314,"fold_3_rmse":0.0008959852453242208,"_step":4,"_timestamp":1.7649686003791108e+09,"fold_2_rmse":0.013221812763511233,"fold_0_rmse":0.08627389815412573,"fold_1_rmse":0.07248424238457138,"_runtime":0,"_wandb":{"runtime":0}}