{"fold_1_rmse":0.0724844958507025,"fold_3_rmse":0.000897232490374219,"rmse":0.043221066628031386,"_wandb":{"runtime":0},"_timestamp":1.7649685132650769e+09,"_step":4,"_runtime":0,"fold_0_rmse":0.08627389815412573,"fold_2_rmse":0.013228640016923119}