{"fold_0_rmse":0.08627389815412573,"_timestamp":1.764968491966044e+09,"rmse":0.043222026207367745,"_wandb":{"runtime":0},"_runtime":0,"_step":4,"fold_3_rmse":0.0008960998153195031,"fold_1_rmse":0.07248752755240939,"fold_2_rmse":0.01323057930761638}