{"fold_1_rmse":0.0015076382681258734,"_step":4,"fold_3_rmse":0.002599299519903451,"fold_2_rmse":0.002140474480174467,"_timestamp":1.764968001981351e+09,"_wandb":{"runtime":0},"fold_0_rmse":0.004619950736424214,"rmse":0.0027168407511570015,"_runtime":0}