{"fold_0_rmse":0.08627389815412573,"_timestamp":1.764968475985934e+09,"_runtime":0,"rmse":0.0432211430629223,"_wandb":{"runtime":0},"fold_3_rmse":0.0008975382299378678,"_step":4,"fold_1_rmse":0.0724844958507025,"fold_2_rmse":0.013228640016923119}