{"fold_0_rmse":0.08777220703788893,"_timestamp":1.764968411326418e+09,"rmse":0.04430832904994536,"_runtime":3,"fold_1_rmse":0.0723000589830121,"fold_2_rmse":0.013748434989394102,"fold_3_rmse":0.003412615189486311,"_step":4,"_wandb":{"runtime":3}}