{"fold_2_rmse":0.013228640016923119,"_runtime":0,"rmse":0.04322047393573334,"_step":4,"fold_1_rmse":0.0724844958507025,"fold_0_rmse":0.08627389815412573,"_wandb":{"runtime":0},"_timestamp":1.764968381008407e+09,"fold_3_rmse":0.0008948617211820358}