{"rmse":0.0432211430629223,"fold_1_rmse":0.0724844958507025,"fold_2_rmse":0.013228640016923119,"_wandb":{"runtime":0},"_step":4,"_timestamp":1.764968295472127e+09,"fold_0_rmse":0.08627389815412573,"_runtime":0,"fold_3_rmse":0.0008975382299378678}