{"_runtime":1,"_timestamp":1.764968330412439e+09,"fold_3_rmse":0.0011194727691374005,"_step":4,"fold_2_rmse":0.01319545261865928,"rmse":0.043266405381410196,"fold_1_rmse":0.07248492003222336,"_wandb":{"runtime":1},"fold_0_rmse":0.08626577610562074}