{"fold_1_rmse":0.0724904362264412,"rmse":0.04325125455175581,"_timestamp":1.764968582670992e+09,"_step":4,"fold_3_rmse":0.0010530640083014331,"_runtime":2,"fold_2_rmse":0.013192548539167062,"_wandb":{"runtime":2},"fold_0_rmse":0.08626896943311353}