{"rmse":0.043220490543262116,"_wandb":{"runtime":0},"fold_3_rmse":0.0008965587175043717,"_runtime":0,"_step":4,"fold_2_rmse":0.013227009450715853,"_timestamp":1.764968463872892e+09,"fold_0_rmse":0.08627389815412573,"fold_1_rmse":0.0724844958507025}