{"_runtime":0,"_timestamp":1.7649684729021509e+09,"fold_1_rmse":0.0724844958507025,"fold_2_rmse":0.013228640016923119,"_wandb":{"runtime":0},"fold_0_rmse":0.08627389815412573,"rmse":0.0432210210860678,"_step":4,"fold_3_rmse":0.000897050322519855}