{"_timestamp":1.764968350051771e+09,"rmse":0.04322208367871564,"_wandb":{"runtime":0},"_runtime":0,"_step":4,"fold_3_rmse":0.0008969191725900718,"fold_0_rmse":0.08627389815412573,"fold_2_rmse":0.013225694574486026,"fold_1_rmse":0.07249182281366072}