{"_runtime":0,"_step":4,"fold_0_rmse":0.004619950736424214,"_wandb":{"runtime":0},"_timestamp":1.764968045441943e+09,"fold_2_rmse":0.0019274974884487218,"fold_3_rmse":0.002265384821020681,"fold_1_rmse":0.001320685071163733,"rmse":0.0025333795292643378}