{"fold_3_rmse":0.0008970832040702698,"_wandb":{"runtime":1},"fold_0_rmse":0.08627389815412573,"_timestamp":1.7649683753597598e+09,"rmse":0.043221029306455404,"_runtime":1,"_step":4,"fold_2_rmse":0.013228640016923119,"fold_1_rmse":0.0724844958507025}