{"_timestamp":1.7649683836790242e+09,"_step":4,"fold_2_rmse":0.013233056192576934,"rmse":0.04322355519498186,"fold_3_rmse":0.0008963626644188412,"_runtime":0,"fold_0_rmse":0.08627389815412573,"fold_1_rmse":0.07249090376880596,"_wandb":{"runtime":0}}