{"_step":4,"fold_1_rmse":0.001320685071163733,"_wandb":{"runtime":0},"_timestamp":1.764968033873842e+09,"fold_2_rmse":0.0019274974884487218,"rmse":0.0025333795292643378,"_runtime":0,"fold_0_rmse":0.004619950736424214,"fold_3_rmse":0.002265384821020681}