{"fold_0_rmse":0.08627389815412573,"fold_1_rmse":0.07248081074913897,"fold_3_rmse":0.0008971196479924422,"_runtime":1,"_step":4,"_timestamp":1.764968533320074e+09,"rmse":0.04322098308774198,"fold_2_rmse":0.013232103799710761,"_wandb":{"runtime":1}}