{"_timestamp":1.764968392275115e+09,"_step":4,"fold_1_rmse":0.0724844958507025,"_runtime":0,"fold_2_rmse":0.013228640016923119,"_wandb":{"runtime":0},"fold_3_rmse":0.0008975382299378678,"rmse":0.0432211430629223,"fold_0_rmse":0.08627389815412573}