{"fold_1_rmse":0.07249016540855681,"rmse":0.04323339098706599,"fold_3_rmse":0.0009274659718966475,"_runtime":1,"_wandb":{"runtime":1},"fold_2_rmse":0.013242034413684782,"_timestamp":1.764968452101127e+09,"_step":4,"fold_0_rmse":0.08627389815412573}