{"fold_1_rmse":0.07248546663081427,"fold_3_rmse":0.0009077118366515438,"_step":4,"fold_2_rmse":0.013238596252019863,"rmse":0.043226418218402854,"_runtime":1,"fold_0_rmse":0.08627389815412573,"_timestamp":1.7649685785125918e+09,"_wandb":{"runtime":1}}