{"_timestamp":1.7649685429649742e+09,"fold_1_rmse":0.07245081346379921,"fold_2_rmse":0.013150407472422637,"_wandb":{"runtime":1},"_step":4,"fold_0_rmse":0.08630133914552132,"rmse":0.043342776165287034,"_runtime":1,"fold_3_rmse":0.0014685445794049826}