{"fold_3_rmse":0.0008967148882872111,"_wandb":{"runtime":0},"fold_1_rmse":0.0724844958507025,"rmse":0.04322093722750964,"_runtime":0,"fold_0_rmse":0.08627389815412573,"_timestamp":1.764968423091668e+09,"fold_2_rmse":0.013228640016923119,"_step":4}