{"_runtime":0,"_wandb":{"runtime":0},"_timestamp":1.764968494901768e+09,"fold_3_rmse":0.0008961199658029616,"fold_0_rmse":0.08627389815412573,"_step":4,"fold_1_rmse":0.0724844958507025,"fold_2_rmse":0.013228640016923119,"rmse":0.043220788496888575}