{"_timestamp":1.7649684669538581e+09,"_wandb":{"runtime":0},"_runtime":0,"_step":4,"fold_2_rmse":0.013240873416231794,"fold_3_rmse":0.0009897835658102846,"fold_1_rmse":0.07247258916440763,"fold_0_rmse":0.08627389815412573,"rmse":0.043244286075143856}