{"_step":4,"_runtime":1,"fold_1_rmse":0.07245405148979499,"fold_0_rmse":0.08632296963138704,"_timestamp":1.764968612804656e+09,"fold_3_rmse":0.0014330616867794367,"_wandb":{"runtime":1},"fold_2_rmse":0.013185002939723404,"rmse":0.043348771436921216}