{"fold_0_rmse":0.08627389815412573,"rmse":0.04322092564237819,"fold_1_rmse":0.0724844958507025,"fold_2_rmse":0.013228640016923119,"_timestamp":1.764968426191099e+09,"_step":4,"fold_3_rmse":0.0008966685477614459,"_wandb":{"runtime":0},"_runtime":0}