{"_runtime":2,"_timestamp":1.764968405304377e+09,"_step":4,"_wandb":{"runtime":2},"fold_1_rmse":0.07218552709350659,"fold_3_rmse":0.0027531561864973485,"rmse":0.043573676662537,"fold_0_rmse":0.08623574676213816,"fold_2_rmse":0.013120276608005924}