{"_runtime":9,"_wandb":{"runtime":9},"fold_0_rmse":0.08680001821913924,"fold_1_rmse":0.07239224786536645,"rmse":0.043513717091619684,"fold_2_rmse":0.013252287507499075,"fold_3_rmse":0.001610314774473958,"_timestamp":1.764968318361033e+09,"_step":4}