{"fold_1_rmse":0.0724844958507025,"fold_2_rmse":0.013228640016923119,"fold_3_rmse":0.0008963423338349324,"_runtime":0,"rmse":0.043220844088896565,"fold_0_rmse":0.08627389815412573,"_step":4,"_timestamp":1.7649684321970408e+09,"_wandb":{"runtime":0}}