{"fold_3_rmse":0.0008960938218474285,"_step":4,"fold_0_rmse":0.08627389815412573,"_runtime":0,"rmse":0.04322078196089969,"_timestamp":1.764968372056714e+09,"fold_1_rmse":0.0724844958507025,"_wandb":{"runtime":0},"fold_2_rmse":0.013228640016923119}