{"rmse":0.04322192894973532,"_timestamp":1.764968389609529e+09,"fold_3_rmse":0.0008980572822294824,"_step":4,"_wandb":{"runtime":0},"fold_1_rmse":0.07248712034566294,"fold_2_rmse":0.013228640016923119,"_runtime":0,"fold_0_rmse":0.08627389815412573}